prenom,genre,
Aanor,m,
Aaran,m,
Aaricia,f,
Aaron,m,
Abbon,m,
Abby,f,
Abdel,m,
Abdon,m,
Abel,m,
Abélard,m,
Abélia,f,
Abella,f,
Abigaël,f,
Abondance,f,
Abraham,m,
Abriel,f,
Acace,f,
Achahildis,m,
Achille,m,
Acmé,m,
Ada,f,
Adalard,m,
Adalbert,m,
Adalric,m,
Adalsinde,m,
Adam,m,
Adama,m,
Adélaïde,f,
Adélaïs,f,
Adélard,m,
Adèle,f,
Adelice,f,
Adélie,f,
Adelin,m,
Adelind,m,
Adeline,f,
Adelphe,m,
Adelphine,f,
Adeltrude,f,
Adémar,m,
Adénora,f,
Adine,f,
Adolphe,m,
Adon,m,
Adonis,m,
Adria,f,
Adrian,m,
Adriana,f,
Adriano,m,
Adriel,m,
Adrien,m,
Adrienne,f,
Adriette,f,
Adula,m,
Aedhan,m,
Aël,m,
Aëla,f,
Aélia,f,
Aëlig,m,
Aëlis,,
Aelith,,
Aëlred,,
Aëlynn,,
Aénor,,
Afra,,
Agapé,,
Agapet,,
Agapi,,
Agapit,,
Agathe,,
Agathon,,
Agénor,,
Agilbert,,
Aglaé,,
Aglaïa,,
Aglaïane,,
Aglaïs,,
Aglaoném,,a
Agnan,,
Agnane,,
Agnès,,
Agnese,,
Agobart,,
Agricole,,
Ahmed,,
Aïcha,,
Aïda,,
Aidan,,
Aiden,,
Aigline,,
Aignan,,
Aignane,,
Aigne,,
Ailbe,,
Aileann,,
Aileen,,
Ailred,,
Aimable,,
Aimar,,
Aimé,,
Aimée,,
Aimeri,,
Aimeric,,
Aimery,,
Aimie,,
Aina,,
Aïnara,,
Aïnhoa,,
Aïssa,,
Ako,,
Alain,,
Alaine,,
Alaïs,,
Alan,,
Alana,,
Alanic,,
Alanis,,
Alanne,,
Alanyce,,
AlarAlari,,c
Alba,,
Albain,,
Alban,,
Albane,,
Albe,,
Albéri,,c
Albert,,
Alberta,,
Alberte,,
Albertin,,
Albertine,,
Alberto,,
Albin,,
Albina,,
Albine,,
Albrecht,,
Alcide,,
Alda,,
Aldebe,,rt
Aldécine,,
Aldemar,,
Aldéric,,
Aldhelm,,
Aldith,,
Aldo,,
Aldona,,
Aldred,,
Aldric,,
Aldwin,,
Aléaume,,
Alec,,
Alena,,
Alessan,,dro
Alessia,,
Alessio,,
Aleth,,
Alèthe,,
Aléthéia,,
Alex,,
Alexa,,
Alexand,,ra
Alexandre,,
Alexandrin,,
Alexandrine,,
Alexandro,,
Alexane,,
Alexania,,
Alexia,,
Alexian,,
Alexiane,,
Alexie,,
Alexine,,
Alexis,,
Aleyde,,
Alfiero,,
Alfonso,,
Alfred,,
Alfrèda,,
Alfrède,,
Alfredo,,
Alfret,,
Ali,,
Alia,,
Alice,,
Alicia,,
Alida,,
Aliénor,,
Aliette,,
Aline,,
Aliocha,,
Alis,,
Alise,,
Alison,,
Alisson,,
Alith,,
Alitha,,
Alix,,
Alixan,,
Alixane,,
Aliya,,
Alizée,,
Allamand,,e
Allan,,
Allard,,
Allen,,
Allowin,,
Allyre,,
Allyrian,,e
Alma,,
Almaïd,,e
Aloara,,
Alodie,,
Aloïs,,
Aloïse,,
Alonso,,
Aloph,,
Alouarn,,
Aloy,,
Aloys,,
Aloyse,,
Alpais,,
Alphonse,,
Alphonsie,,
Alphonsine,,
Alric,,
Altéa,,
Altfrie,,d
Alvère,,
Alvin,,
Alwen,,
Alwena,,
Alypius,,
Alyre,,
Alyse,,
Alyséa,,
Alyson,,
Alyssa,,
Alyssand,,re
Alyssia,,
Alzire,,
Amabilis,,
Amable,,
Amabylis,,
Amadeus,,
Amadour,,
Amaël,,
Amaëlle,,
Amalia,,
Amalric,,
Amance,,
Amand,,
Amanda,,
Amandine,,
Amandino,,
Amans,,
Amarand,,e
Amaranthe,,
Amarin,,
Amarine,,
Amaryllis,,
Amata,,
Amaury,,
Amaya,,
Ambre,,
Ambreui,,l
Ambrogio,,
Ambroise,,
Ambroisie,,
Ambroisine,,
Amé,,
Amédé,,e
Amedeo,,
Amédine,,
Amélia,,
Améliane,,
Amélie,,
Ameline,,
Amelle,,
Amet,,
Amica,,
Amicie,,
Ammie,,
Ammon,,
Ammonas,,
Amos,,
Amour,,
Amparo,,
Amphélis,,e
Amy,,
Ana,,
Anaë,,
Anaël,,
Anaëlle,,
Anaëve,,
Anaïg,,
Anaïs,,
Ananie,,
Anastase,,
Anastasia,,
Anastasie,,
Anatole,,
Anatolie,,
Ancel,,
Ancelin,,
Anceline,,
Andéol,,
Andie,,
Andoche,,
Andoni,,
André,,
Andréa,,
Andréann,,e
Andreas,,
Andrée,,
Andreia,,
Andrés,,
Andréu,,
Andrev,,
Andréva,,
Andrew,,
Andrienn,,e
Andrieu,,
Andrika,,
Andrinett,,e
Andronic,,
Andy,,
Anémon,,e
Anésie,,
Aneth,,
Ange,,
Angel,,
Angela,,
Angèle,,
Angelica,,
Angèlie,,
Angelika,,
Angélina,,
Angeline,,
Angélique,,
Angelo,,
Angeloun,,o
Angélyne,,
Angie,,
Anglèze,,
Angy,,
Ania,,
Aníbal,,
Anicet,,
Anika,,
Anissa,,
Anita,,
Anja,,
Anna,,
Annabe,,lle
Annaëlle,,
Annaïc,,
Annaïg,,
Anne,,
Annett,,e
Annick,,
Annie,,
Annonci,,ade
Annouk,,
Ano,,
Anouc,,hka
Anouck,,
Anouk,,
Ansbert,,
Ansberte,,
Anschaire,,
Anselme,,
Anselmo,,
Anséric,,
Ansfrid,,
Anskar,,
Anssen,,
Antère,,
Anthéa,,
Anthelme,,
Anthime,,
Anthone,,
Anthony,,
Antime,,
Antoine,,
Antoinett,,e
Anton,,
Antonel,,la
Antonia,,
Antonin,,
Antonine,,
Antonio,,
Antony,,
Anya,,
Aoda,,
Aphrod,,ise
Apollina,,ire
Apolline,,
Apollonie,,
Apollonius,,
Apollos,,
April,,
Aquila,,
Aquilin,,
Arabella,,
Aranka,,
Arbogast,,
Arcade,,
Arcadie,,
Archambau,,d
Archibald,,
Arédius,,
Arès,,
Aria,,
Ariald,,
Ariane,,
Aricie,,
Ariel,,
Arielle,,
Aristarqu,,e
Aristide,,
Aristote,,
Arlène,,
Arlette,,
Arline,,
Armaël,,
Armaëlle,,
Armance,,
Armand,,
Armande,,
Armel,,
Armelle,,
Armentair,,e
Arnaud,,
Arnaude,,
Arnauld,,
Arno,,
Arnold,,
Arnoul,,
Arnould,,
Arnoult,,
Arnulf,,
Aroiho,,
Arsène,,
Arsènett,,e
Artémas,,
Artème,,
Artémis,,
Arthaud,,
Arthellaï,,s
Arthémon,,
Arthur,,
Arthus,,
Arturo,,
Artus,,
Arty,,
Arum,,
Arwen,,
Arzel,,
Arzhele,,nn
Arzhul,,
Arzhvael,,
Arzur,,
Ashley,,
Ashlyn,,
Asoi,,
Assia,,
Assompt,,ion
Assumpta,,
Assunta,,
Astère,,
Astérine,,
Astier,,
Astrée,,
Astrid,,
Astrik,,
Athalie,,
Athanase,,
Athanasie,,
Athena,,
Athénaïs,,
Attala,,
Attalia,,
Attila,,
Auban,,
Aubane,,
Aube,,
Aubeli,,ne
Auberi,,
Aubérie,,
Aubert,,
Aubery,,
Aubin,,
Aubine,,
Aubrey,,
Aubrin,,
Aubry,,
Aude,,
Audie,,
Audoin,,
Audran,,
Audréane,,
Audren,,
Audrey,,
Audric,,
Audry,,
Augusta,,
Auguste,,
Augustin,,
Augustine,,
Aulnay,,
Aumérine,,
Aura,,
Aurane,,
Aure,,
Aurea,,
Auregue,,nn
Aurèle,,
Aurélia,,
Auréliane,,
Aurélie,,
Aurélien,,
Auréline,,
Aurelio,,
Auriane,,
Aurianne,,
Auristelle,,
Aurore,,
Austin,,
Austrebe,,rte
Austrégisi,,lle
Austremoine,,
Authier,,
Auxane,,
Auxence,,
Ava,,
Avela,,ine
Aveline,,
Aventin,,
Avit,,
Aviva,,
Avoye,,
Avril,,
Axel,,
Axelle,,
Aya,,
Aydan,,
Ayden,,
Aylone,,
Aymard,,
Aymeline,,
Aymeric,,
Aymon,,
Aymond,,
Aymone,,
Ayrald,,
Azahar,,
Azalaïs,,
Azalée,,
Azélie,,
Azeline,,
Azenor,,
Azilis,,
Aziliz,,
Aziz,,
Aziza,,
Azou,,
Babet,,
Babeth,,
Babette,,
Babylas,,
Bacchus,,
Bakhita,,
Balbine,,
Baldassar,,e
Baldwin,,
Balian,,
Balthaza,,r
Baptiste,,
Baptistin,,
Baptistine,,
Barban,,
Barbara,,
Barbe,,
Barberi,,ne
Barnabé,,
Barnard,,
Barry,,
Barthél,,emy
Bartholom,,é
Bartholomée,,
Barthy,,
Bartimée,,
Bartolo,,
Bartoumié,,u
Basile,,
Basiliss,,a
Basilisse,,
Basso,,
Bassus,,
Bastian,,
Bastiane,,
Bastien,,
Bastienne,,
Bathilde,,
Baudille,,
Baudouin,,
Bavon,,
Béatine,,
Béatrice,,
Béatrix,,
Beddy,,
Bède,,
Bee,,
Begge,,
Behnam,,
Belén,,
Belinda,,
Beline,,
Belisari,,o
Ben,,
Bened,,etta
Benedet,,to
Bénédict,,
Bénédicte,,
Bénédit,,
Bénezet,,
Beniamino,,
Bénigne,,
Bénilde,,
Benjamin,,
Benjamine,,
Bennet,,
Bennon,,
Benny,,
Benoît,,
Benoîte,,
Béranger,,
Bérangère,,
Bérard,,
Bérarde,,
Bérardine,,
Berchaire,,
Bérenger,,
Bérengère,,
Bérénice,,
Bergamote,,
Berlinde,,
Bernadette,,
Bernard,,
Bernardin,,
Bernardine,,
Bernardo,,
Bernat,,
Bernez,,
Bernon,,
Bernward,,
Bert,,
Berthe,,
Berthold,,
Bertile,,
Bertilie,,
Bertille,,
Bertin,,
Bertine,,
Bertram,,
Bertrand,,
Bertrande,,
Bertrane,,
Bertranet,,
Beryl,,
Bessari,,on
Bessie,,
Beth,,
Béthan,,ie
Bettina,,
Betty,,
Beverle,,y
Bianca,,
Bibiane,,
Bienvenue,,
Bill,,
Billie,,
Billy,,
Birille,,
Bixente,,
Blaise,,
Blaisian,,
Blaisiane,,
Blanca,,
Blanche,,
Blandine,,
Blasioun,,
Bleiz,,
Blésill,,e
Bleuette,,
Bleunvenn,,
Bob,,
Bobby,,
Bojana,,
Bolesław,,a
Boleslas,,
Bona,,
Bonave,,nture
Boniface,,
Bonne,,
Bonnie,,
Boris,,
Bosco,,
Boyan,,
Brady,,
Brandan,,
Brandon,,
Braulio,,
Bréaca,,
Brenda,,
Brendan,,
Brett,,
Brewen,,
Briac,,
Briag,,
Briaga,,
Briagenn,,
Brian,,
Brianne,,
Brice,,
Bricet,,
Bridie,,
Briec,,
Brieg,,
Brieuc,,
Brieux,,
Brigida,,
Brigide,,
Brigitte,,
Brioc,,
Briséis,,
Britanie,,
Brithwolt,,
Britney,,
Britt,,
Britton,,
Brivaëlle,,
Brix,,
Bronis,,ław
Bronisła,,wa
Bruce,,
Bruna,,
Brune,,
Bruneha,,ut
Brunehild,,e
Brunelle,,
Brunissend,,e
Bruno,,
Brunon,,
Bryan,,
Bryce,,
Brygida,,
Burgondof,,are
Cadfan,,
Cadroe,,
Cainnech,,
Caïssa,,
Caïus,,
Cajetan,,
Caleb,,
Calimer,,o
Caline,,
Calixta,,
Calixte,,
Calixtine,,
Callie,,
Calliope,,
Callista,,
Calliste,,
Callistine,,
Calogero,,
Calvin,,
Calypso,,
Camélia,,
Cameron,,
Camiho,,
Camilla,,
Camille,,
Camilo,,
Candice,,
Candide,,
Candy,,
Canice,,
Cannelle,,
Cantien,,
Cantienne,,
Canut,,
Caprais,,
Capucin,,
Capucine,,
Cara,,
Carell,,e
Caren,,
Carine,,
Carl,,
Carla,,
Carle,,
Carline,,
Carlo,,
Carlos,,
Carlotta,,
Carmel,,
Carmela,,
Carmelle,,
Carmelo,,
Carmen,,
Carol,,
Carolai,,ne
Carolane,,
Carole,,
Caroline,,
Carolyn,,
Carrelle,,
Casilde,,
Casimir,,
Cassandra,,
Cassandre,,
Cassien,,
Cassilde,,
Cassiopée,,
Cassylia,,
Castille,,
Castor,,
Catalin,,
Catalina,,
Catarina,,
Catarino,,
Caterina,,
Catharina,,
Cathel,,
Cathelin,,e
Cathelle,,
Catherine,,
Cathy,,
Catia,,
Catoun,,
Cécil,,
Cécile,,
Cécilia,,
Céciliane,,
Cécilie,,
Cécilien,,
Céciline,,
Cédric,,
Cédrine,,
Célénie,,
Céleste,,
Célestin,,
Célestine,,
Célia,,
Celian,,
Céliane,,
Célie,,
Célina,,
Céline,,
Célyan,,
Cendrine,,
Céolfrid,,
Cérioge,,
Cerise,,
Césaire,,
César,,
Cesare,,
Césari,,
Césarie,,
Cesarina,,
Césarine,,
Chad,,
Chaïma,,
Chanel,,
Chantal,,
Charbel,,
Charlaine,,
Charlemagne,,
Charlène,,
Charles,,
Charlette,,
Charley,,
Charlez,,
Charlie,,
Charline,,
Charlize,,
Charlot,,
Charlotte,,
Charly,,
Charlyne,,
Chelsea,,
Chély,,
Cheslav,,
Cheyenne,,
Chiara,,
Chloé,,
Chrétie,,n
Chris,,
Chrisli,,ne
Christa,,
Christabe,,lle
Christal,,
Christel,,
Christelle,,
Christen,,
Christian,,
Christiana,,
Christiane,,
Christie,,
Christilla,,
Christina,,
Christine,,
Christobal,,
Christophe,,
Christopher,,
Christophora,,
Chrodegang,,
Chrysante,,
Chryslaine,,
Chrysogone,,
Chrysole,,
Chrysostom,,e
Chrystalle,,
Chrystel,,
Chrystelle,,
Ciaran,,
Cidália,,
Cindy,,
Circé,,
Cladie,,
Clair,,
Claire,,
Clairett,,e
Clar,,
Clara,,
Clarenc,,e
Clarinde,,
Clarisse,,
Claroun,,
Claude,,
Claudett,,e
Claudia,,
Claudic,,
Claudie,,
Claudine,,
Claudio,,
Claudius,,
Claudy,,
Cléa,,
Clédia,,
Clélia,,
Clélie,,
Clémence,,
Clément,,
Clémentia,,
Clémentine,,
Cléo,,
Cléoph,,a
Cléophas,,
Cléophée,,
Cler,,
Clervi,,e
Clet,,
Cliant,,a
Clifford,,
Clio,,
Clodoa,,ld
Cloé,,
Cloéli,,a
Clotaire,,
Clothilde,,
Clotilde,,
Cloud,,
Clovis,,
Coemgen,,
Colas,,
Colette,,
Colin,,
Coline,,
Colinett,,e
Colleen,,
Colman,,
Coloman,,
Colomba,,
Colomban,,
Colombane,,
Colombe,,
Colombine,,
Côme,,
Conall,,
Concepci,,ón
Concetta,,
Concha,,
Conchita,,
Conon,,
Conor,,
Conrad,,
Constanc,,e
Constant,,
Constantin,,
Constantine,,
Consuela,,
Conwoion,,
Cora,,
Corali,,e
Coraline,,
Coralise,,
Corbinien,,
Corentin,,
Corentine,,
Corey,,
Corine,,
Corinne,,
Cormac,,
Cornalin,,e
Corneille,,
Cornélie,,
Cornille,,
Corrado,,
Cosette,,
Cosima,,
Costanza,,
Costel,,
Crépin,,
Crépinie,,n
Crescence,,
Crescent,,
Crisant,,
Crispin,,
Crispine,,
Cristal,,
Cristelle,,
Cristina,,
Cunégonde,,
Cunibert,,
Cuthbert,,
Cyllia,,
Cyndel,,
Cyndie,,
Cynthia,,
Cynthie,,
Cypria,,
Cyprian,,
Cypriane,,
Cyprien,,
Cyprienne,,
Cyprille,,
Cyr,,
Cyran,,
Cyria,,
Cyrian,,
Cyriane,,
Cyriaque,,
Cyriel,,
Cyrielle,,
Cyril,,
Cyrilla,,
Cyrille,,
Cyrius,,
Cyrus,,
Daen,,
Dagmar,,
Dahlia,,
Daisy,,
Dalia,,
Daliane,,
Dalila,,
Damaris,,
Damase,,
Damian,,
Damiane,,
Damien,,
Damienne,,
Damon,,
Dana,,
Danaé,,
Danaël,,
Danick,,
Daniè,,
Daniel,,
Daniela,,
Danièle,,
Danielle,,
Daniset,,
Danitza,,
Dany,,
Daphné,,
Darcy,,
Daria,,
Darina,,
Dario,,
Darius,,
Darrell,,
Darren,,
Dauphine,,
Dave,,
Davia,,
Daviane,,
David,,
Davide,,
Davina,,
Davis,,
Davy,,
Dayan,,
Dayana,,
Déborah,,
Declan,,
Delcia,,
Délia,,
Delinda,,
Delphin,,
Delphine,,
Démétrie,,
Démétrien,,
Démétrius,,
Denez,,
Deniel,,
Deniela,,
Denis,,
Denise,,
Denys,,
Denyse,,
Déodat,,
Déograti,,as
Déotille,,
Derek,,
Derick,,
Dermot,,
Désiré,,
Désirée,,
Desmond,,
Dévi,,
Dévote,,
Dewi,,
Diana,,
Diane,,
Dick,,
Didace,,
Didia,,
Didiane,,
Didier,,
Diego,,
Dieter,,
Dietrich,,
Dieudonné,,
Dimitri,,
Dina,,
Diogo,,
Dirk,,
Dismas,,
Divi,,
Divine,,
Djibril,,
Dodon,,
Dolaine,,
Dolène,,
Dolorès,,
Domice,,
Domineuc,,
Dominic,,
Dominique,,
Domithilde,,
Domitien,,
Domitienne,,
Domitille,,
Donald,,
Donalda,,
Donasian,,
Donat,,
Donata,,
Donatell,,a
Donatiane,,
Donatien,,
Donatienne,,
Donna,,
Donnie,,
Donovan,,
Dora,,
Dorée,,
Doreen,,
Doria,,
Dorian,,
Doriane,,
Dorine,,
Dorinne,,
Doris,,
Dorothé,,e
Dosithée,,
Douce,,
Douceli,,ne
Douglas,,
Doulce,,
Douméniq,,ue
Dounia,,
Dragan,,
Dragana,,
Droctovée,,
Druon,,
Dulcine,,
Duncan,,
Dune,,
Dunsta,,n
Dyclan,,
Dylan,,
Eadbert,,
Eadwin,,
Earwin,,
Ebba,,
Ebbane,,
Eberhard,,
Ebrard,,
Ed,,
Edar,,d
Eddie,,
Eddy,,
Edelmi,,ra
Edelys,,
Eden,,
Edern,,
Edgar,,
Edgard,,
Edith,,
Edma,,
Edme,,
Edmé,,
Edmée,,
Edmond,,
Edmund,,
Edna,,
Edoard,,o
Edouard,,
Edouarde,,
Edouardine,,
Edric,,
Eduin,,
Edvige,,
Edward,,
Edwige,,
Edwin,,
Edwina,,
Edwyn,,
Efflam,,
Efflamin,,e
Efisia,,
Efisio,,
Egarec,,
Egbert,,
Egide,,
Eglanti,,ne
Ehouarn,,
Eileen,,
Elaïa,,
Elaine,,
Elaïs,,
Elda,,
Eléa,,
Eléana,,
Eléane,,
Eléanor,,
Eléanore,,
Eléazar,,
Electa,,
Eléïsse,,
Eléna,,
Elénie,,
Eleonora,,
Eléonore,,
Eleuthère,,
Elfie,,
Elfleda,,
Elga,,
Elia,,
Eliabe,,l
Eliacin,,
Eliakim,,
Eliam,,
Elian,,
Eliane,,
Elias,,
Eliaz,,
Elicia,,
Elida,,
Elie,,
Eliett,,e
Elijah,,
Elina,,
Eline,,
Elinor,,
Elio,,
Eliora,,
Eliott,,
Elis,,
Elisa,,
Elisabe,,th
Elisandre,,
Elise,,
Elisée,,
Elisoa,,
Elita,,
Elizabe,,th
Elke,,
Ella,,
Elléa,,
Ellen,,
Ellenit,,a
Ellia,,
Ellie,,
Ellina,,
Elliot,,
Elly,,
Ellyn,,
Ellyne,,
Elma,,
Elmer,,
Elmita,,
Elne,,
Eloan,,
Eloane,,
Elodie,,
Eloé,,
Eloha,,
Eloi,,
Eloïse,,
Eloisie,,
Elona,,
Elophe,,
Elora,,
Elouan,,
Elouane,,
Elowen,,
Eloy,,
Elphèg,,e
Elred,,
Elric,,
Elsa,,
Elsie,,
Elvina,,
Elvira,,
Elvire,,
Elvis,,
Elya,,
Elyett,,e
Elyna,,
Elyne,,
Elzbiet,,a
Elzéar,,
Emalia,,
Emelie,,
Emeline,,
Emerance,,
Emerancien,,ne
Emeraude,,
Emérentien,,ne
Emeric,,
Emerika,,
Emery,,
Emie,,
Emilan,,d
Emilande,,
Emile,,
Emilia,,
Emilian,,
Emiliane,,
Emilie,,
Emilien,,
Emilienne,,
Emilion,,
Emma,,
Emmanu,,el
Emmanuel,,la
Emmanuelle,,
Emmélie,,
Emmeran,,
Emmeranne,,
Emmie,,
Emmy,,
Emrys,,
Enaël,,
Endelli,,on
Enéa,,
Eneko,,
Engelbe,,rt
Engelbert,,e
Engerand,,
Englebert,,
Enguerrand,,
Enki,,
Enoal,,
Enogat,,
Enoha,,
Enola,,
Enora,,
Enric,,
Enrick,,
Enrique,,
Enya,,
Enza,,
Enzo,,
Eodez,,
Eole,,
Eolia,,
Eoline,,
Eowyn,,
Eozen,,
Epaphra,,s
Epaphrodi,,te
Ephrem,,
Epiphane,,
Epipode,,
Eponine,,
Erasme,,
Eraste,,
Ercole,,
Erell,,
Erember,,t
Erhard,,
Eric,,
Erik,,
Erika,,
Erine,,
Erlé,,
Ermeli,,nde
Ermengar,,de
Ermin,,
Erna,,
Ernell,,e
Ernest,,
Ernestin,,e
Ernst,,
Ersilia,,
Erwan(n),,
Erwana,,
Erwanez,,
Erwin,,
Erwine,,
Erynna,,
Esaline,,
Esméralda,,
Espérance,,
Estéban,,
Estée,,
Estel,,
Estelle,,
Estèphe,,
Estevan,,
Estève,,
Esther,,
Estin,,
Ethan,,
Ethel,,
Ethelbe,,rt
Etheldred,,e
Ethélinda,,
Ethelle,,
Ethelwold,,
Ethy,,
Etienn,,e
Etiennet,,te
Eubert,,
Eucher,,
Eudelin,,
Eudeline,,
Eudes,,
Eudiane,,
Eudine,,
Eudora,,
Eudoxie,,
Eugend,,
Eugène,,
Eugenia,,
Eugénie,,
Eulalie,,
Euloge,,
Eunice,,
Euphémie,,
Euphrasie,,
Euphrone,,
Euphrosine,,
Euphrosyne,,
Euriell,,
Eurydice,,
Eusèbe,,
Eusébie,,
Eustache,,
Eustase,,
Eustelle,,
Eusthate,,
Eustochium,,
Eustorge,,
Euthalie,,
Euthyme,,
Eutochie,,
Eutrope,,
Eutropie,,
Euveline,,
Euverte,,
Eva,,
Evadn,,é
Evaëlle,,
Evagre,,
Evan,,
Evana,,
Evangél,,ine
Evans,,
Evarist,,e
Eve,,
Evela,,ine
Eveline,,
Evelise,,
Evelyne,,
Even,,
Everil,,de
Evette,,
Evie,,
Evita,,
Evode,,
Evodie,,
Evrard,,
Evroult,,
Ewa,,
Ewald,,
Ewan,,
Ewand,,
Ewen,,
Ezéchi,,el
Ezio,,
Fabia,,
Fabian,,
Fabien,,
Fabienne,,
Fabio,,
Fabiola,,
Fabrice,,
Fabricien,,
Fadilla,,
Fanch,,
Fanchet,,te
Fanchon,,
Fanélie,,
Fanie,,
Fannie,,
Fanny,,
Fantin,,
Fantine,,
Fara,,
Farah,,
Fare,,
Farid,,
Faron,,
Fatima,,
Faust,,
Fausta,,
Fauste,,
Faustin,,
Faustine,,
Fauve,,
Fé,,
Fede,,rico
Fedora,,
Felice,,
Félicett,,e
Félicie,,
Félicien,,
Félicissim,,e
Félicité,,
Felipe,,
Félix,,
Féliz,,
Fendy,,
Ferdina,,nd
Ferdinand,,e
Fergus,,
Fernand,,
Fernande,,
Fernando,,
Ferréol,,
Feuillan,,
Fiacre,,
Fidèle,,
Fidéline,,
Fidès,,
Filip,,
Filipe,,
Fina,,
Fine,,
Finett,,e
Fintan,,
Fiona,,
Fionn,,
Fiora,,
Fiorenz,,a
Fiorenzo,,
Firdaws,,
Firmiane,,
Firmin,,
Firmine,,
Firminie,,
Flamine,,
Flammig,,
Flavia,,
Flavian,,
Flaviane,,
Flavie,,
Flavien,,
Flavière,,
Flavio,,
Flavius,,
Fleur,,
Fleuret,,
Fleurette,,
Fleurine,,
Flora,,
Florain,,e
Floraline,,
Floran,,
Florane,,
Flore,,
Floréal,,
Florélia,,
Florelle,,
Florence,,
Florenne,,
Florent,,
Florentia,,
Florentin,,
Florentina,,
Florentine,,
Florentino,,
Florestan,,
Floret,,
Florette,,
Florian,,
Floriane,,
Floride,,
Florie,,
Florimon,,d
Florine,,
Floris,,
Flour,,
Folcuin,,
Fontine,,
Fortuné,,
Fortunée,,
Foucauld,,
Fougère,,
Foulques,,
Foy,,
Fraga,,n
Framboi,,se
Franca,,
France,,
Franceli,,n
Franceline,,
Francès,,
Francesca,,
Francesco,,
Francet,,
Francette,,
Franciane,,
Francine,,
Francis,,
Francisca,,
Francisco,,
Francisque,,
Franck,,
Franckie,,
Francklin,,
Francky,,
Franco,,
François,,
Françoise,,
Frank,,
Fransez,,
Franseza,,
Frantz,,
Franz,,
Fred,,
Freddi,,e
Freddo,,
Freddy,,
Frédéri,,
Frédéric,,
Frederica,,
Frederico,,
Frédérie,,
Frédérika,,
Frédérique,,
Frédrich,,
Frida,,
Fridoli,,n
Fritz,,
Front,,
Fructue,,ux
Frumence,,
Fulbert,,
Fulcran,,
Fulgence,,
Fulton,,
Fulvia,,
Fulvio,,
Fursy,,
Gabia,,
Gabia,,
Gabie,,
Gabien,,
Gabin,,
Gabinia,,
Gabinien,,
Gabinienne,,
Gabriel,,
Gabriela,,
Gabrielle,,
Gaby,,
Gaëdig,,
Gaël,,
Gaëlig,,
Gaëlla,,
Gaëlle,,
Gaétan,,
Gaëtan,,
Gaétane,,
Gaïa,,
Gaïane,,
Gaiétana,,
Gaïl,,
Galdri,,c
Galgano,,
Galina,,
Gall,,
Gallie,,n
Galloise,,
Galmier,,
Galmière,,
Gamaliel,,
Ganaël,,
Ganaëlle,,
Ganet,,
Garance,,
Gareth,,
Gary,,
Gaspar,,d
Gasparde,,
Gaspardine,,
Gaston,,
Gastoun,,
Gastounet,,
Gatiane,,
Gatien,,
Gatienne,,
Gaubert,,
Gaucher,,
Gaudence,,
Gaudens,,
Gauderiqu,,e
Gaultier,,
Gauthier,,
Gautier,,
Gauvain,,
Gauzelin,,
Gaven,,
Gaylord,,
Gédéon,,
Gélase,,
Gelly,,
Gemma,,
Gemmie,,
Gena,,
Genès,,
Genest,,
Gèneva,,
Genevièv,,e
Gènevote,,
Gengoulph,,
Gengoux,,
Gengulphe,,
Gennadius,,
Gens,,
Gensér,,ic
Gentiane,,
Gentien,,
Gentile,,
Geoffrey,,
Geoffroy,,
Geordie,,
Georges,,
Georgette,,
Georgia,,
Georgiane,,
Georgie,,
Georgina,,
Georgine,,
Georgio,,
Geory,,
Gérald,,
Géraldin,,e
Gérand,,
Gérane,,
Gérard,,
Gérardin,,
Gérardine,,
Gérasime,,
Géraud,,
Gerbert,,
Gerbold,,
Gerda,,
Gerhard,,
Géric,,
Gerland,,
Germain,,
Germaine,,
German,,
Germane,,
Germina,,
Germinia,,
Germinie,,
Gérôme,,
Géromine,,
Géronce,,
Géronima,,
Géronimo,,
Gerrich,,
Gersende,,
Gertrude,,
Gervais,,
Gervaise,,
Gervin,,
Gerwin,,
Gerwine,,
Géry,,
Geslai,,n
Ghislain,,
Ghislaine,,
Ghislie,,
Ghisline,,
Giacomina,,
Giacomo,,
Gian,,
Gianna,,
Gianni,,
Gil,,
Gilbe,,rt
Gilbert,,e
Gilda,,
Gildas,,
Gilia,,
Gilian,,
Giliane,,
Gilles,,
Gillette,,
Gilliane,,
Gillone,,
Gillou,,
Gilly,,
Gina,,
Gina,,
Gina,,
Ginett,,e
Ginévra,,
Ginger,,
Ginny,,
Gino,,
Giobat,,ta
Gioia,,
Giorgia,,
Giorgia,,
Giorgio,,
Giovanna,,
Giovanni,,
Girard,,
Giraud,,
Gireg,,
Gisbert,,
Gisela,,
Gisèle,,
Gismonde,,
Giulia,,
Giuliana,,
Giuliano,,
Giulietta,,
Giulio,,
Giuseppe,,
Giuseppina,,
Gladez,,
Gladys,,
Glenn,,
Gloria,,
Goar,,
Gobain,,
Gobert,,
Godard,,
Godefroy,,
Godelaine,,
Godeleine,,
Godeliève,,
Godeline,,
Godelive,,
Godiva,,
Godon,,
Goéric,,
Goëry,,
Gohard,,
Gond,,
Gonsal,,ve
Gontran,,
Gonzague,,
Gonzalve,,
Goran,,
Gordien,,
Gordius,,
Gorgon,,
Gorgonie,,
Goulc'hen,,
Goulch'an,,
Goulven,,
Gouziern,,
Grażyna,,
Grace,,
Gracian,,ne
Gracieuse,,
Graham,,
Gratiane,,
Gratien,,
Gratienne,,
Graziella,,
Greg,,
Grégoi,,re
Grégor,,
Grégoria,,
Grégorian,,
Grégoriane,,
Grégorie,,
Gregorio,,
Grégory,,
Griselda,,
Guadalupe,,
Gudule,,
Guénaël,,
Guénaëlle,,
Guenièvre,,
Guénola,,
Guénolé,,
Guérande,,
Guérard,,
Guerarht,,
Guérart,,
Guérin,,
Guerlain,,
Guerric,,
Guglielmo,,
Gui,,
Guibe,,rt
Guido,,
Guidon,,
Guignole,,t
Guilain,,
Guilaine,,
Guilhem,,
Guilhemin,,e
Guillaume,,
Guillaumett,,e
Guillemette,,
Guillemine,,
Guillermo,,
Guingalois,,
Guirec,,
Guislain,,
Guislaine,,
Guitou,,
Gunther,,
Gunthiern,,
Gurguy,,
Gurval,,
Gustave,,
Guy,,
Guyen,,ne
Guyette,,
Guylaine,,
Guyonne,,
Gwanaëlle,,
Gweltaz,,
Gwen(n),,
Gwenaël,,
Gwenaëlle,,
Gwendaëlle,,
Gwendal,,
Gwendolin,,e
Gwennan,,
Gwennyn,,
Gwenola,,
Gwenolé,,
Gwilherm,,
Gwinog,,
GwladysH,,abacuc
Habib,,
Hadelin,,d
Hadriana,,
Hadrien,,
Hakim,,
Hanaé,,
Hania,,
Hanna,,
Hanniba,,l
Hans,,
Harald,,
Haribert,,
Harmonie,,
Harold,,
Harris,,
Harry,,
Hassan,,
Haude,,
Havoise,,
Hayley,,
Hazel,,
Hébert,,
Hébertin,,e
Hector,,
Hedwige,,
Hégésippe,,
Heidi,,
Heinric,,h
Héléna,,
Hélène,,
Helga,,
Hélia,,
Héliane,,
Hélicia,,
Héliciane,,
Hélicie,,
Hélidie,,
Hélie,,
Hélier,,
Héliette,,
Hélin,,
Héliodo,,re
Hélisende,,
Hellouin,,
Héloïs,,
Héloïse,,
Hendrick,,
Henri,,
Henrick,,
Henriette,,
Henry,,
Herbaud,,
Herbert,,
Herculan,,
Hercule,,
Héribald,,
Héribert,,
Herluin,,
Hermance,,
Hermann,,
Hermel,,
Hermelan,,d
Hermeline,,
Herménégild,,
Hermès,,
Hermine,,
Hermione,,
Herrade,,
Hervé,,
Hervéa,,
Herveig,,
Herveline,,
Hervieu,,
Hervine,,
Herwan,,
Hiba,,
Hidulp,,he
Hilaire,,
Hilaria,,
Hilarion,,
Hilary,,
Hild,,
Hilda,,
Hildebr,,and
Hildebran,,de
Hildegarde,,
Hildemann,,
Hilke,,
Hiltrud,,e
Hina,,
Hippol,,yne
Hippolyt,,e
Hoa,,
Hombe,,line
Homobon,,
Honorat,,
Honoré,,
Honorin,,
Honorine,,
Honorius,,
Horst,,
Hortens,,e
Hosanna,,
Hostien,,
Houarn,,
Houarné,,
Houarneau,,
Houarniaule,,
Houarvian,,
Howard,,
Hubert,,
Huberte,,
Hugo,,
Hugoli,,n
Hugoline,,
Hugues,,
Huguette,,
Humbeline,,
Humbert,,
Humberto,,
Humfrey,,
Humfroy,,
Humphrey,,
Humphroy,,
Hunebert,,
Huon,,
Hyacin,,the
Hyacinth,,ia
Hyana,,
Hyane,,
Hyanie,,
Hygin,,
Ian,,
Ianis,,
Iba,,
Iban,,
Ibrahi,,ma
Ida,,
Idaïa,,
Idalie,,
Idaline,,
Idesbald,,
Idris,,
If,,
Ifig,,
Ignace,,
Ignacio,,
Ignacy,,
Ignazio,,
Igor,,
Ihsan,,
Ilan,,
Ilana,,
Ilario,,
Ilda,,
Ildefo,,nse
Ildut,,
Iléa,,
Iléana,,
Ilia,,
Iliana,,
Ilija,,
Iliona,,
Ilioné,,
Illide,,
Ilona,,
Ilya,,
Imane,,
Imanol,,
Imbert,,
Imelda,,
Imélie,,
Immacola,,ta
Imre,,
Inaya,,
India,,
Inès,,
Ingebo,,rg
Ingrid,,
Inna,,
Innoce,,nt
Ioannina,,
Iphigénie,,
Ira,,
Iraïs,,
Iréna,,
Irène,,
Irénée,,
Irénise,,
Iria,,
Iriber,,t
Irina,,
Iris,,
Irma,,
Irmeng,,arde
Iroise,,
Irsillan,,e
Irving,,
Isaac,,
Isabé,,
Isabeau,,
Isabel,,
Isabelet,,te
Isabella,,
Isabelle,,
Isaïah,,
Isaïe,,
Isaline,,
Isalyne,,
Isalys,,
Isaura,,
Isaure,,
Isaut,,
Isbergu,,e
Iséa,,
Isée,,
Iselin,,e
Iseult,,
Isidore,,
Isilda,,
Isis,,
Iskand,,ar
Ismaël,,
Ismérie,,
Isnard,,
Isolde,,
Isoline,,
Issam,,
Ita,,
Ithie,,r
Itta,,
Itte,,
Ivan,,
Ivana,,
Ivi,,
Ivon,,
Iwen,,
Izia,,
Izold,,
Izzie,,
Jacek,,
Jacinth,,e
Jacinthie,,
Jack,,
Jackie,,
Jacky,,
Jacob,,
Jacopon,,e
Jacotte,,
Jacoumeto,,
Jacqueline,,
Jacquemine,,
Jacques,,
Jacquette,,
Jacquine,,
Jacquot,,
Jacquotte,,
Jacquou,,
Jade,,
Jaime,,
Jaïre,,
Jakez,,
Jakeza,,
Jakub,,
James,,
Jamie,,
Jamila,,
Jamy,,
Jan,,
Jane,,
Janell,,e
Janeto,,
Janice,,
Janick,,
Janie,,
Janik,,
Janine,,
Janique,,
Janis,,
Jannick,,
Jano,,
János,,
Janvier,,
Janvière,,
Jany,,
Japhet,,
Jarod,,
Jarrod,,
Jasmin,,
Jasmina,,
Jasmine,,
Jason,,
Jasper,,
Jaufret,,
Jaume,,
Javier,,
Javière,,
Jayme,,
Jayson,,
JeanJean,, Baptiste
Jeane,,
Jeanna,,
Jeanne,,
Jeannett,,e
Jeannice,,
Jeannick,,
Jeannie,,
Jeannine,,
Jeff,,
Jeffer,,son
Jehan,,
Jehanne,,
Jemmie,,
Jenna,,
Jennie,,
Jennifer,,
Jenny,,
Jérémie,,
Jérémy,,
Jérôme,,
Jerzy,,
Jesse,,
Jessé,,
Jessica,,
Jessie,,
Jessy,,
Jésus,,
Jézabel,,
Jezekaël,,
Jezequel,,
Jikel,,
Jillian,,
Jim,,
Jimmy,,
Jinny,,
Jo,,
Joa,,
Joach,,im
Joan,,
Joanna,,
Joannice,,
Joanny,,
João,,
Joaqui,,m
Joaquine,,
Joas,,
Job,,
Jocel,,yn
Jocelyn,,e
Jocya,,
Jodelle,,
Jodie,,
Jody,,
Joe,,
Joël,,
Joëlle,,
Joëllian,,e
Joëlline,,
Joëlyne,,
Joévin,,
Joffrey,,
Jogues,,
Johan,,
Johanna,,
Johanne,,
Johannes,,
Johany,,
John,,
Johnny,,
Jolaine,,
Jolan,,
Joliane,,
Jolien,,
Jolina,,
Jolyanne,,
Jonah,,
Jonas,,
Jonatha,,n
Jonel,,
Joran,,
Jordan,,
Jordane,,
Jordi,,
Jore,,
Jorge,,
Jorgi,,
Jorick,,
Jorioz,,
Joris,,
Jorys,,
Jos,,
Josap,,hat
José,,
Josée,,
Josef,,
Joséfa,,
Joseline,,
Josemaria,,
Joseph,,
Josépha,,
Josèphe,,
Joséphine,,
Josette,,
Joshua,,
Josian,,
Josiane,,
Josias,,
Josquin,,
Josse,,
Josseli,,n
Josseline,,
Josué,,
Joumana,,
Jourdain,,
Jovanni,,
Joy,,
Joyce,,
Juan,,
Juana,,
Juanita,,
Juda,,
Judaël,,
Jude,,
Judica,,ël
Judie,,
Judith,,
Judy,,
Juhans,,
Juhel,,
Jules,,
Julia,,
Julian,,
Juliana,,
Julianne,,
Juliano,,
Julie,,
Julien,,
Julienne,,
Juliette,,
Juline,,
Julio,,
Julitte,,
Julius,,
Juluan,,
July,,
Julyan,,n
June,,
Junie,,
Junien,,
Junior,,
Just,,
Juste,,
Justin,,
Justine,,
Justinien,,
Jutta,,
Jutte,,
Juvénal,,
Kahina,,
Kaicy,,
Kalie,,
Kalila,,
Kaline,,
Kalinka,,
Kalixte,,
Kamel,,
Kamen,,
Kamil,,
Kamila,,
Kandida,,
Karel,,
Karelle,,
Karen,,
Karim,,
Karine,,
Karl,,
Karlin,,e
Karol,,
Karolin,,e
Kassy,,
Kataley,,a
Katarzyna,,
Katell,,
Kateri,,
Katherin,,e
Kathleen,,
Kathryn,,
Kathy,,
Katia,,
Katialy,,ne
Katy,,
Kay,,
Kayla,,
Kaylan,,
Kaylina,,
Keane,,
Keegan,,
Keira,,
Kelian,,
Kelig,,
Kellia,,
Kelly,,
Kelvyn,,
Kelya,,
kelyan,,
Kémo,,
Ken,,
Kenan,,
Kendall,,
Kendra,,
Kenneth,,
Kenny,,
Kenya,,
Kenzo,,
Keoni,,
Kerrien,,
Kerstin,,
Kessy,,
Ketsia,,
Ketty,,
Ketura,,
Kevan,,
Kevin,,
Kewan,,
Keyla,,
Kéziah,,
Khalid,,
Khalida,,
Kilian,,
Killian,,
Killiane,,
Killien,,
Kim,,
Kimbe,,rley
Kinebur,,ge
Kineswide,,
Kirsten,,
Kittie,,
Kizito,,
Klaus,,
Kler,,
Klervi,,
Klervia,,
Knud,,
Knut,,
Kokoe,,
Kolbe,,
Konogan,,
Kristan,,
Kristell(,,e)
Kristen,,
Kristina,,
Kunibet,,
Kurt,,
Kyle,,
Kylian,,
Kyllian,,
Kyra,,
Laban,,
Labéria,,ne
Lacinia,,
Lacmé,,
Ladisla,,s
Laeticia,,
Laëtitia,,
Lalie,,
Laly,,
Lamber,,t
Lamberti,,ne
Lamé,,
Lamia,,
Lamie,,
Lana,,
Lancel,,ot
Landelin,,
Landeline,,
Landoald,,
Landrade,,
Landry,,
Lanfranc,,
Laodamie,,
Laodicée,,
Laora,,
Laouéna,,n
Lara,,
Lariss,,a
Lars,,
Lary,,
Latuin,,
Laud,,
Laudin,,e
Laumer,,
Laur,,
Laura,,
Laura L,,ee
Lauraine,,
Laurana,,
Laurane,,
Laure,,
Laureen,,
Laurel,,
Laurelin,,e
Laurelle,,
Lauren,,
Laurence,,
Laurène,,
Laurèns,,
Laurent,,
Laurette,,
Laurian,,
Lauriane,,
Laurick,,
Laurie,,
Laurine,,
Lauris,,
Laury,,
Lauryne,,
Lawrence,,
Layana,,
Lazare,,
Lazarine,,
Léa,,
Leah,,
Léana,,
Léandra,,
Léandre,,
Leandro,,
Léane,,
Léanie,,
Léanis,,
Léanne,,
Léanor,,
Léantier,,
Lech,,
Lédocr,,icia
Lee,,
Léger,,
Leïa,,
Leïla,,
Leïna,,
Lélia,,
Lellia,,
Lemmy,,
Léna,,
Lénaël,,le
Lénaïc,,
Lénaïg,,
Leni,,
Lennie,,
Lenny,,
Leno,,
Leny,,
Léo,,
Léoba,,rd
Léobon,,
Léocadie,,
Léocricia,,
Léocrite,,
Léocritie,,
Léola,,
Léolo,,
Léon,,
Léona,,
Léonard,,
Léonce,,
Léone,,
Léonell,,a
Leonice,,
Léonide,,
Léonie,,
Léonille,,
Léonis,,
Léonor,,
Léonora,,
Léonore,,
Léontine,,
Léopold,,
Léopolda,,
Léopoldine,,
Léovigild,,
Léozane,,
Leria,,
Lesia,,
Leslie,,
Letizia,,
Leufroy,,
Lévana,,
Levi,,
Levon,,
Lewis,,
Lexane,,
Lexi,,
Léxie,,
Leya,,
Lia,,
Liam,,
Liana,,
Liane,,
Libéral,,
Libérat,,
Libert,,
Liboire,,
Lidoire,,
Lidvine,,
Lidwine,,
Liénard,,
Liesse,,
Liette,,
Lilah,,
Lilas,,
Lilee,,
Lilia,,
Lilian,,
Liliane,,
Lilie,,
Liliros,,e
Lilou,,
Lilouan,,
Lilwenn,,
Lily,,
Lin,,
Lina,,
Linaël,,le
Linah,,
Linard,,
Linda,,
Lindsay,,
Lindsey,,
Line,,
Linès,,
Linnéa,,
Lino,,
Linoa,,
Lioba,,
Lionel,,
Lionelle,,
Lis,,
Lisa,,
Lisand,,ro
Lisanne,,
Lisaya,,
Lisbeth,,
Lise,,
Liséa,,
Liselot,,te
Lisenn,,
Lisette,,
Lisian,,
Lison,,
Lissand,,re
Livia,,
Livier,,
Livio,,
Liwen,,
Liz, Li,,zzie
Liza,,
Lloyd,,
Lô,,
Loan,,
Loana,,
Loane,,
Loann,,
Loeiza,,
Loeizig,,
Loelia,,
Loélie,,
Loen,,
Loetit,,ia
Loevan,,
Logan,,
Lohanah,,
Lohane,,
Loïc,,
Loïcia,,
Loïck,,
Loïg,,
Loïk,,
Loïs,,
Loïse,,
Lola,,
Loli,,
Lolita,,
Lom,,
Loma,,
Loman,,
Lomane,,
Lomée,,
Loménie,,
Lon,,
Lona,,
Longin,,
Lonny,,
Lora,,
Lorann,,e
Lorans,,
Lore,,
Loreda,,na
Lorée,,
Loreleï,,
Loren,,
Lorena,,
Lorène,,
Lorens,,
Lorenz,,
Lorenza,,
Lorenzo,,
Lorette,,
Lori,,
Lorian,,
Loriane,,
Loric,,
Lorie,,
Lorina,,
Lorine,,
Loris,,
Lorna,,
Lorrain,,
Lorraine,,
Lorris,,
Loryne,,
Lorys,,
Lossa,,
Loth,,
Lothai,,re
Lotus,,
Lou,,
Louan,,
Louane,,
Louann,,
Loubna,,
Louca,,
Loucas,,
Loucia,,
Louella,,
Louis,,
Louisa,,
Louisane,,
Louise,,
Louisell,,a
Louisette,,
Louisiane,,
Louison,,
Louka,,
Louna,,
Lounis,,
Loup,,
Louthi,,ern
Louve,,
Lowen,,
Loyola,,
Loys,,
Loyse,,
Luan,,
Luana,,
Lubin,,
Luc,,
Luca,,
Lucain,,
Lucas,,
Lucceia,,
Luce,,
Lucenz,,o
Lucette,,
Lucia,,
Lucian,,
Luciana,,
Lucianne,,
Luciano,,
Lucie,,
Lucien,,
Lucienne,,
Lucile,,
Lucille,,
Lucillien,,
Lucin,,
Lucinda,,
Lucine,,
Luciola,,
Luciole,,
Lucius,,
Lucky,,
Lucrèce,,
Lucrezia,,
Lucy,,
Ludger,,
Ludivine,,
Ludmila,,
Ludmilla,,
Ludmille,,
Ludolphe,,
Ludovic,,
Ludovica,,
Ludovine,,
Ludwig,,
Ludwin,,
Ludwine,,
Luigi,,
Luis,,
Luisa,,
Luka,,
Lukas,,
Luke,,
Lukian,,
Luna,,
Lupici,,n
Lupita,,
Lutgarde,,
Luz,,
Lya,,
Lyam,,
Lyana,,
Lycia,,
Lycie,,
Lydéric,,
Lydia,,
Lydian,,
Lydiane,,
Lydie,,
Lydwine,,
Lyla,,
Lylian,,
Lyne,,
Lynn,,
Lyobar,,t
Lyrod,,
Lys,,
Lysa,,
Lysand,,re
Lyse,,
Lysian,,e
Lyza,,
Mabel,,
Mabelle,,
Macaire,,
Macé,,
Maceo,,
Macha,,
Maclou,,
Macrine,,
Maddalena,,
Maddy,,
Madelai,,ne
Madelbert,,e
Madeleine,,
Madeline,,
Madelon,,
Madelyne,,
Madhu,,
Madison,,
Mae,,
Maé,,
Maël,,
Maëla,,
Maëlan,,
Maëlane,,
Maëlenn,,
Maëlie,,
Maëlig,,
Maëline,,
Maëlis,,
Maëlle,,
Maëlly,,
Maëlwenn,,
Maëly,,
Maëlya,,
Maëlyo,,
Maëlys,,
Maéna,,
Maera,,
Maéva,,
Maeveen,,
Maewenn,,
Magali,,
Magalie,,
Magaly,,
Magda,,
Magdale,,na
Magdelein,,e
Maggy,,
Magloir,,e
Magne,,
Magnoli,,a
Magnus,,
Maguelon,,e
Maguelonne,,
Maguy,,
Mahault,,
Mahaut,,
Mahé,,
Mahée,,
Mahieu,,
Mahine,,
Mahou,,
Mai,,
Maïa,,
Maiale,,n
Maïana,,
Maïeul,,
Maïka,,
Maïlis,,
Maïlys,,
Maïna,,
Maïssan,,e
Maité,,
Maïté,,
Maitena,,
Maïwenn,,
Maixent,,
Malachie,,
Malchus,,
Malcolm,,
Malcy,,
Maleaum,,e
Malena,,
Malia,,
Malicia,,
Malika,,
Mallia,,
Mallorie,,
Mallory,,
Malo,,
Maloé,,
Malone,,
Malonna,,
Malorie,,
Malou,,
Malvine,,
Malya,,
Mamert,,
Manal,,
Mandy,,
Manfred,,
Mania,,
Manoa,,
Manoël,,
Manoëla,,
Manolo,,
Manon,,
Mansour,,
Mansuy,,
Manuel,,
Manuela,,
Manuelle,,
Many,,
Maodan,,
Maodez,,
Maona,,
Mara,,
Marc,,
Marcea,,u
Marcel,,
Marcella,,
Marcelle,,
Marcellin,,
Marcelline,,
Marcello,,
Marcia,,
Marciane,,
Marcie,,
Marcien,,
Marcion,,
Marco,,
Marcou,,
Marcoul,,
Marec,,
Marek,,
Margare,,t
Margarita,,
Margault,,
Margaux,,
Marge,,
Margher,,ita
Margot,,
Margueri,,te
Maria,,
Mariam,,
Marian,,
Mariana,,
Marianna,,
Marianne,,
Mariannick,,
Mariano,,
Marianton,,ia
Maribel,,
Marick,,
Marie,,
Marie d,,es Neiges
Marieke,,
Marielle,,
Marien,,
Marietta,,
Mariette,,
Marika,,
Marilou,,
Marilyn,,
Marilys,,
Marin,,
Marina,,
Marinaël,,le
Marine,,
Marinell,,a
Marinette,,
Marino,,
Mario,,
Marion,,
Marisa,,
Marise,,
Marisol,,
Maritie,,
Marius,,
Marjolai,,ne
Marjorie,,
Mark,,
Marlèn,,e
Marlette,,
Marmaduke,,
Marnie,,
Maron,,
Marotte,,
Maroun,,
Maroushk,,a
Marpessa,,
Marta,,
Martha,,
Marthe,,
Martial,,
Martin,,
Martine,,
Martinien,,
Marty,,
Marushk,,a
Marvin,,
Mary,,
Maryan,,ick
Maryanna,,
Marylène,,
Maryline,,
Marylise,,
Marylou,,
Maryse,,
Maryvonn,,e
Marzin,,
Mason,,
Massimo,,
Matéa,,
Matéli,,
Matéo,,
Materne,,
Mathé,,
Mathé,,
Matheli,,n
Mathéna,,
Mathéo,,
Mathias,,
Mathie,,
Mathieu,,
Mathilde,,
Mathis,,
Mathive,,
Mathurin,,
Mathurine,,
Mathys,,
Mati,,
Matias,,
Matilda,,
Matilin,,
Matisse,,
Mattéï,,
Matteo,,
Matthéo,,
Matthew,,
Matthias,,
Matthieu,,
Matthis,,
Matti,,
Mattia,,
Mattis,,
Maturin,,
Matuta,,
Matys,,
Maud,,
Maude,,
Maudez,,
Maugan,,
Maulde,,
Maur,,
Mauran,,e
Maure,,
Maureen,,
Maurice,,
Mauricett,,e
Mauricia,,
Maurille,,
Maurin,,
Maurine,,
Mavel,,
Mavelin,,e
Mavelle,,
Maverick,,
Mavis,,
Max,,
Maxan,,dre
Maxelle,,nde
Maxence,,
Maxens,,
Maxent,,
Maxima,,
Maxime,,
Maximili,,ane
Maximilien,,
Maximilienne,,
Maximin,,
Maximina,,
Maxine,,
May,,
Maya,,
Mayana,,h
Mayeul,,
Mayeule,,
Maylie,,
Mayline,,
Maylis,,
Mayna,,
Mayol,,
Mayssam,,
Mazé,,
Meadow,,
Méal,,
Mechti,,lde
Médard,,
Meddy,,
Médéric,,
Méen,,
Mégan,,
Mégane,,
Méganne,,
Meggie,,
Meghan(e,,)
Mehdi,,
Meï,,
Meinr,,ad
Melaine,,
Melan,,
Mélane,,
Mélanie,,
Melchiade,,
Melchior,,
Mélèce,,
Melen,,
Mélia,,
Méliana,,
Méliant,,
Mélie,,
Mélina,,
Mélinda,,
Méline,,
Mélinée,,
Mélisende,,
Mélissa,,
Mélissand,,e
Melissandre,,
Mélisse,,
Mélithe,,
Mélitine,,
Méliton,,
Melle,,
Mellitu,,s
Mélodie,,
Mélodine,,
Melody,,
Méloé,,
Mélusin,,e
Melvil,,
Melvin(e,,)
Melwan,,
Mémin,,
Memmie,,
Mémona,,
Ménas,,
Mencia,,
Menehoul,,d
Ménélé,,
Menne,,
Mennie,,
Mercedes,,
Mercure,,
Meriadec,,
Méric,,
Meriem,,
Méril,,
Mérine,,
Merlène,,
Merlin,,
Merri,,
Merry,,
Meryem,,
Méryl,,
Mérylie,,
Mesmin,,
Messalin,,e
Métella,,
Méthode,,
Meurice,,
Méven,,
Mewen,,
Mia,,
Micha,,
Michał,,
Michaël,,
Michaëla,,
Michée,,
Michel,,
Michèle,,
Micheline,,
Michelle,,
Mick,,
Mickaë,,l
Mickaële,,
Mickey,,
Micky,,
Mieg,,
Miguel,,
Mikaël,,
Mikaëlle,,
Mike,,
Mikhaï,,l
Mila,,
Milan,,
Milana,,
Milburge,,
Mildred,,
Mildrède,,
Miléna,,
Miline,,
Milla,,
Millice,,nt
Millie,,
Million,,
Milo,,
Milos,,
Miloud,,
Miltiade,,
Mimi,,
Mina,,
Minaya,,
Mindy,,
Miranda,,
Mireille,,
Miren,,
Miria,,
Miriam,,
Mirko,,
Miro,,
Mirosl,,av
Misaël,,
Misha,,
Modéran,,
Modeste,,
Modestie,,
Modestine,,
Modesty,,
Modez,,
Mohamed,,
Moïra,,
Moïse,,
Moïsett,,e
Molly,,
Mona,,
Monia,,
Monica,,
Monie,,
Monika,,
Monique,,
Montaine,,
Montan,,
Montfort,,
Montserrat,,
Morand,,
Mordiern,,
Morgan,,
Morgane,,
Morgiane,,
Morice,,
Morisse,,
Morvan,,
Morwen,,
Morwenna,,
Moshé,,
Mouna,,
Moune,,
Mounico,,
Mourad,,
Moyna,,
Muguett,,e
Muriel,,
Mussé,,
Mya,,
Myett,,e
Mylène,,
Myosotis,,
Myriam,,
Myriane,,
Myriem,,
Myrline,,
Myrtilla,,
Myrtille,,
Nabiha,,
Nabil,,
Nabila,,
Nada,,
Nadau,,
Nadège,,
Nadia,,
Nadiège,,
Nadine,,
Naël,,
Naélie,,
Naëlle,,
Naemi,,
Naéva,,
Nahel,,
Nahia,,
Nahum,,
Naïa,,
Naïg,,
Naïm,,
Naïs,,
Najat,,
Nalbert,,
Namadie,,
Nancy,,
Nandou,,
Nandy,,
Nanette,,
Nannig,,
Nanou,,
Nans,,
Nao,,
Naomi,,
Napoléo,,n
Narcisse,,
Narde,,
Nardon,,
Nastasia,,
Natacha,,
Natalène,,
Natalia,,
Natalie,,
Natan,,
Natelia,,
Nathaël,,
Nathalène,,
Nathalie,,
Nathan,,
Nathanaë,,l
Nathanaëll,,e
Nathaniel,,
Nathéo,,
Naud,,
Naudet,,
Naudin,,
Nawal,,
Nayeli,,
Nayla,,
Nazaire,,
Nazaré,,
Néal,,
Nectai,,re
Nectan,,
Ned,,
Nédel,,ec
Nédeleg,,
Neela,,
Neige,,
Neil,,
Nélio,,
Nella,,
Nelly,,
Nelson,,
Neo,,
Néot,,
Nerea,,
Nérée,,
Nersès,,
Nessie,,
Nestor,,
Nestoria,,
Nestorine,,
Neva,,
Nicais,,e
Nicéphor,,e
Nicet,,
Nicétas,,
Nick,,
Nicky,,
Nicodèm,,e
Nicola,,
Nicola,,
Nicolas,,
Nicolazic,,
Nicole,,
Nicolett,,a
Nicolette,,
Nicolle,,
Nicoulau,,
Niels,,
Nikita,,
Nikolaï,,
Nil,,
Nils,,
Nin,,
Nina,,
Nine,,
Ninian,,
Ninie,,
Ninn,,
Ninnog,,
Nino,,
Ninon,,
Nizier,,
Noa,,
Noah,,
Noalin,,e
Noam,,
Noan,,
Noé,,
Noée,,
Noël,,
Noëla,,
Noëlaig,,
Noëlia,,
Noëlie,,
Noéline,,
Noëlla,,
Noëlle,,
Noëllie,,
Noëllina,,
Noëlline,,
Noémi,,
Noémie,,
Noham,,
Nohan,,
Nolan,,
Nolwenn,,
Nonna,,
Nora,,
Norah,,
Norbert,,
Norberte,,
Nore,,
Noreen,,
Norette,,
Noria,,
Noriane,,
Norig,,
Nouela,,
Noura,,
Nouria,,
Novela,,
Novelenn,,
Noyale,,
Numa,,
Nunzio,,
Nuria,,
Nymphe,,
Oanell,,
Ober,,
Ober,,
Obéron,,
Obéron,,
Océane,,
Océlia,,
Octave,,
Octavien,,
Octavienne,,
Octavio,,
Oda,,
Ode,,
Odéli,,a
Odeline,,
Odessa,,
Odette,,
Odiane,,
Odile,,
Odilon,,
Odon,,
Odoric,,
Odran,,
Oger,,
Ogier,,
Oihan,,
Oïhana,,
Olaf,,
Olav,,
Oleg,,
Olga,,
Olier,,
Olinto,,
Oliva,,
Olive,,
Oliver,,
Olivette,,
Olivia,,
Oliviane,,
Olivier,,
Olympe,,
Olympia,,
Olympio,,
Omar,,
Ombeli,,ne
Ombline,,
Ombredann,,e
Omer,,
Omerin,,e
Ondine,,
Onésime,,
Onésiphor,,e
Onuphre,,
Ophélie,,
Ophélio,,
Opportune,,
Optat,,
Oralie,,
Orane,,
Oranne,,
Orégane,,
Oreste,,
Oria,,
Oriane,,
Orianna,,
Orianne,,
Orlanda,,
Orlando,,
Orlane,,
Orna,,
Ornell,,a
Orphée,,
Orso,,
Orson,,
Osanne,,
Oscar,,
Osée,,
Osip,,
Osmond,,
Osmonde,,
Osmund,,
Ostiane,,
Oswald,,
Otacilia,,
Othello,,
Othilie,,
Othon,,
Otilia,,
Otmar,,
Ottfrie,,d
Otto,,
Otton,,
Oudard,,
Ouen,,
Ours,,
Outril,,le
Owen,,
Oxana,,
Pablo,,
Paciane,,
Pacifique,,
Paco,,
Pacôme,,
Padrig,,
Palamon,,
Palémon,,
Palmyre,,
Paloma,,
Paméla,,
Pammaque,,
Pamphile,,
Pancrace,,
Pantaleimo,,n
Pantaléon,,
Panthène,,
Paol,,
Paola,,
Paolina,,
Paolo,,
Paphnuc,,e
Papias,,
Papoul,,
Pâqueret,,te
Paquita,,
Paquito,,
Parfait,,
Pâris,,
Pascal,,
Pascale,,
Pascalet,,
Pascalin,,
Pascaline,,
Pascaloun,,
Pascau,,
Paschase,,
Pascual,,
Pasquale,,
Pasteur,,
Pat,,
Pater,,ne
Patient,,
Patrice,,
Patricia,,
Patricien,,
Patricio,,
Patrick,,
Patrizia,,
Patrizio,,
Patrocle,,
Patty,,
Paul,,
Paula,,
Paule,,
Paulett,,e
Paulien,,
Paulin,,
Pauline,,
Paulinien,,
Paulo,,
Pavel,,
Pazanne,,
Pearl,,
Pedro,,
Peggy,,
Peio,,
Pekka,,
Pélage,,
Pélagie,,
Pèlerin,,
Pénélope,,
Pépin,,
Per,,
Péran,,
Perceva,,l
Pereg,,
Perico,,
Perig,,
Perle,,
Perline,,
Pernelle,,
Pernette,,
Péroline,,
Péronnelle,,
Perpet,,
Perpétue,,
Perrette,,
Perreux,,
Perrine,,
Pervenche,,
Peter,,
Peterso,,n
Petra,,
Pétrona,,x
Pétrone,,
Pétronell,,e
Pétronille,,
Petrouchka,,
Petroussia,,
Pexine,,
Pey,,
Phalè,,re
Phalier,,
Phanuel,,
Philbert,,
Philéas,,
Philémon,,
Philibert,,
Philippa,,
Philippe,,
Philippie,,
Philippine,,
Philogone,,
Philomène,,
Philothée,,
Phocas,,
Phoebé,,
Pholien,,
Photine,,
Phyllis,,
Pia,,
Pie,,
Piera,,
Pierce,,
Pierina,,
Piero,,
Pierre,,
Pierrett,,e
Pierrick,,
Pierrig,,
Pierrile,,
Pierryle,,
Pietro,,
Pieyre,,
Pilar,,
Pimpren,,elle
Pio,,
Piotr,,
Pirmin,,
Placide,,
Placidie,,
Planchat,,
Platon,,
Pol,,
Polig,,
Poline,,
Polly,,
Polycar,,pe
Polyeucte,,
Ponce,,
Pons,,
Pontie,,n
Pontus,,
Poppon,,
Porcien,,
Porphyre,,
Portien,,
Pothin,,
Pourçain,,
Poursaint,,
Praxède,,
Prétextat,,
Prielle,,
Primaël,,
Prime,,
Primel,,
Prince,,
Prisca,,
Priscill,,a
Priscille,,
Prisque,,
Privat,,
Procope,,
Prosper,,
Providenc,,e
Prudence,,
Prudent,,
Prudentia,,
Prudy,,
Prune,,
Prunell,,e
Pulchérie,,
Quadratus,,
Quanton,,
Quentin,,
Quiéta,,
Quintia,,
Quintilie,,n
Quintilla,,
Quintin,,
Quintina,,
Quirin,,
Quiterie,,
Quitterie,,
Quodvultdeu,,s
Raban,,
Rachel,,
Rachilde,,
Racilia,,
Radbod,,
Radegond,,e
Radiane,,
Rafaël,,
Rafaela,,
Raffaello,,
Rafqa,,
Ragnebe,,rt
Raïa,,
Raïane,,
Raïlia,,
Raimbaut,,
Raimond,,
Rainier,,
Raïssa,,
Ralph,,
Rambert,,
Ramiro,,
Ramon,,
Ramoun,,
Ramuncho,,
Ramuntcho,,
Rana,,
Ranya,,
Raoul,,
Raoula,,
Raphaël,,
Raphaëlle,,
Raquel,,
Rauline,,
Ray,,
Rayan,,
Rayden,,
Raymond,,
Raymonde,,
Raynal,,
Raynald,,
Rébecca,,
Régilla,,
Régina,,
Réginald,,
Régine,,
Régis,,
Reine,,
Réjane,,
Relinde,,
Remacle,,
Remèze,,
Rémi,,
Remiet,,te
Remy,,
Renald,,
Renaldin,,e
Renan,,
Renata,,
Renate,,
Renato,,
Renaud,,
Renaude,,
René,,
Renée,,
Renelde,,
Renobert,,
Réparate,,
Restitude,,
Restitute,,
Révérien,,
Reynald,,
Rhéa,,
Ricard,,o
Riccardo,,
Richard,,
Richarde,,
Richilde,,
Riec,,
Rieg,,
Rieuc,,
Rigober,,t
Rimma,,
Rinaldo,,
Rioc,,
Riquie,,r
Risset,,
Rita,,
Rite,,
Riva,,
Rivano,,ne
Roald,,
Robby,,
Robert,,
Roberta,,
Roberte,,
Roberto,,
Robin,,
Robine,,
Robinson,,
Rocco,,
Roch,,
Rodène,,
Rodlan,,
Rodney,,
Rodolfo,,
Rodolphe,,
Rodrigue,,
Rogatien,,
Rogeleine,,
Roger,,
Roland,,
Rolande,,
Rolende,,
Roly,,
Romain,,
Romaine,,
Roman,,
Romane,,
Romanos,,
Romaric,,
Romarie,,
Romary,,
Romée,,
Roméo,,
Romuald,,
Romulus,,
Romy,,
Ronald,,
Ronan,,
Rondro,,
Ronelde,,
Roparz,,
Rosa,,
Rosabe,,lle
Rosalie,,
Rosalinde,,
Rosaline,,
Rosamonde,,
Rosanna,,
Rosario,,
Rose,,
Rosée,,
Roselin,,e
Rosella,,
Roselyne,,
Rosemay,,
Rosemonde,,
Rosette,,
Rosianne,,
Rosie,,
Rosilèn,,e
Rosine,,
Rosita,,
Rosy,,
Roxana,,
Roxane,,
Rozenn,,
Ruben,,
Ruby,,
Rudolf,,
Rudy,,
Ruf,,
Rufa,,
Rufill,,a
Rufin,,
Rufine,,
Rufus,,
Ruggero,,
Rupert,,
Rustique,,
Ruth,,
Ryan,,
Sabas,,
Sabin,,
Sabina,,
Sabine,,
Sabrina,,
Sabrine,,
Saby,,
Sacha,,
Sadoc,,
Sadoth,,
Saëns,,
Safia,,
Saïd,,
Sainta,,in
Sakura,,
Salaberg,,e
Salaün,,
Saliha,,
Salim,,
Salomé,,
Salomée,,
Salomon,,
Salva,,
Salvado,,re
Salvator,,
Salvatore,,
Salvé,,
Salvia,,
Salvian,,
Salviane,,
Salvine,,
Salvy,,
Sam,,
Saman,,tha
Sametan,,e
Samia,,
Samir,,
Samira,,
Sammy,,
Samson,,
Samthann,,
Samuel,,
Samy,,
Sanche,,
Sancho,,
Sancie,,
Sander,,
Sandie,,
Sandra,,
Sandre,,
Sandrine,,
Sandro,,
Sandy,,
Sandylè,,ne
Sania,,
Santiag,,o
Santine,,
Santoline,,
Sanz,,
Saphia,,
Sara,,
Sarah,,
Saraï,,
Sasha,,
Saskia,,
Satine,,
Saturnin,,
Saturus,,
Saubade,,
Saul,,
Saulve,,
Sauvane,,
Sauveur,,
Sava,,
Savann,,ah
Saveria,,
Saverio,,
Savin,,
Savine,,
Savinien,,
Saül,,
Scarle,,tt
Scholast,,ique
Scott,,
Sean,,
Sébald,,
Sébastia,,
Sébastian,,
Sébastiane,,
Sébastien,,
Sébastienne,,
Second,,
Seconde,,
Secondin,,
Secunda,,
Sefana,,
Ségolène,,
Seiya,,
Selah,,
Sélèna,,
Sélène,,
Selin,,
Selma,,
Sephora,,
Septime,,
Séraphia,,
Séraphie,,
Séraphin,,
Séraphine,,
Séraphita,,
Sérapion,,
Séréna,,
Sérène,,
Serge,,
Sergia,,
Sergiane,,
Sergine,,
Sergios,,
Sergueï,,
Serlana,,
Serlane,,
Sernin,,
Servais,,
Servan,,
Servane,,
Servilio,,
Servine,,
Seth,,
Sevan,,
Sever,,
Sévère,,
Séverill,,a
Séverin,,
Séverine,,
Sexburge,,
Seydou,,
Sezni,,
Shalom,,
Shana,,
Shani,,
Shanice,,
Shannon,,
Shara,,
Sharlee,,n
Sharon,,
Shawn,,
Shayna,,
Sheila,,
Shere,,
Sherida,,n
Sherine,,
Sherwan,,
Shirley,,
Shona,,
Siana,,
Sibert,,
Sibil,,
Sibille,,
Sibylle,,
Sibylline,,
Sidney,,
Sidoine,,
Sidonie,,
Siegfried,,
Sienne,,
Siffrein,,
Sigebert,,
Sigisbald,,
Sigisbert,,
Sigismond,,
Sigmund,,
Sigolène,,
Sigrid,,
Silas,,
Siloé,,
Silouan,,e
Silvain,,
Silvan,,
Silvana,,
Silvère,,
Silvie,,
Silvio,,
Siméon,,
Similien,,
Simon,,
Simone,,
Simonett,,a
Simonette,,
Simoun,,
Simplice,,
Simplicie,,
Sirène,,
Siriane,,
Sirice,,
Sirida,,
Sissie,,
Sixte,,
Sixtine,,
Sklaer,,
Sklerije,,nn
Sloane,,
Soa,,
Soan,,
Soane,,
Soaz,,
Sofi,,
Sofia,,
Sofiane,,
Sohel,,
Soizic,,
Solal,,
Solana,,
Solange,,
Soléane,,
Soledad,,
Solène,,
Solenne,,
Solick,,
Soline,,
Solvègue,,
Solveig,,
Sonia,,
Sonny,,
Sophia,,
Sophie,,
Sophonie,,
Soraya,,
Soren,,
Sorenza,,
Sorlin,,
Sosio,,
Sosthèn,,e
Sosthène,,
Sôter,,
Sotère,,
Spérie,,
Spes,,
Spirid,,on
Stacey,,
Stan,,
Stanis,,las
Stanley,,
Stéfane,,
Stefania,,
Stefano,,
Steffi,,
Stella,,
Stellie,,
Sten,,
Stépha,,n
Stéphane,,
Stéphanie,,
Stephen,,
Sterenn,,
Stève,,
Steve,,
Steven,,
Stijn,,
Sue,,
Suitb,,ert
Suliac,,
Sulian,,
Sullivan,,
Sulpice,,
Sultbert,,
Sunniva,,
Susie,,
Suzanne,,
Suzel,,
Suzelin,,e
Suzette,,
Suzie,,
Suzon,,
Suzy,,
Sven,,
Svenja,,
Svetlana,,
Swann,,
Sybille,,
Syéna,,
Syliane,,
Syllia,,
Sylphide,,
Sylvain,,
Sylvaine,,
Sylvana,,
Sylvane,,
Sylvester,,
Sylvestre,,
Sylvette,,
Sylvia,,
Sylviane,,
Sylvie,,
Sylvine,,
Syméon,,
Symmaque,,
Symphorian,,
Symphoriane,,
Symphorien,,
Symphorienne,,
Symphorine,,
Symphorose,,
Synésius,,
Synthia,,
Syrine,,
Tabatha,,
Tabitha,,
Tadeg,,
Taïs,,
Talia,,
Talitha,,
Talna,,
Talya,,
Tamara,,
Tamiris,,
Tamylee,,
Tanagra,,
Tanaïs,,
Tancelin,,
Tanche,,
Tancrède,,
Tangi,,
Tangui,,
Tanguy,,
Tania,,
Tanja,,
Tannegu,,y
Tany,,
Tanya,,
Tao,,
Tara,,
Tarais,,e
Tarcisiu,,s
Tarsicius,,
Tatia,,
Tatiana,,
Tatien,,
Tatienne,,
Taylor,,
Ted,,
Teddy,,
Tehani,,
Teiva,,
Télémaq,,ue
Télésphor,,e
Télio,,
Téo,,
Teodo,,ra
Tercius,,
Térence,,
Térésa,,
Térésina,,
Terèso,,
Terry,,
Tess,,
Tessa,,
Teva,,
Thaddé,,e
Thaïs,,
Thalia,,
Tharcisi,,us
Théa,,
Théana,,
Théau,,
Thècle,,
Thégonne,,c
Theïa,,
Thélio,,
Thelma,,
Thelmy,,
Théo,,
Théoba,,ld
Théodora,,
Théodore,,
Théodose,,
Théodosie,,
Théodren,,
Théodule,,
Théodulphe,,
Théofrède,,
Théoneste,,
Théonie,,
Théonille,,
Théophane,,
Théophanée,,
Théophania,,
Théophanie,,
Théophile,,
Théophraste,,
Théophylacte,,
Théotime,,
Théoxane,,
Thérence,,
Thérèse,,
Théry,,
Thésée,,
Thétis,,
Thétys,,
Theudère,,
Thibald,,
Thibaud,,
Thibault,,
Thibaut,,
Thibert,,
Thiébaud,,
Thierry,,
Thomaïs,,
Thomas,,
Thomasin,,e
Thomassia,,
Thomé,,
Thomin,,
Thomine,,
Thorlak,,
Thorvald,,
Thuriane,,
Thuriau,,
Thybalt,,
Thyfène,,
Thylane,,
Tia,,
Tiago,,
Tiana,,
Tianèce,,
Tiburce,,
Tierno,,
Tifenn,,
Tiffanie,,
Tiffany,,
Tigrane,,
Tilda,,
Tilio,,
Tillon,,
Tim,,
Timaë,,l
Timaï,,
Timea,,
Timeo,,
Timo,,
Timon,,
Timothé,,e
Tina,,
Tinaël,,
Tino,,
Tiphai,,ne
Tiphania,,
Tiphanie,,
Tite,,
Titoua,,n
Titus,,
Tiziana,,
Tiziano,,
Tobias,,
Tobie,,
Tobit,,
Toine,,
Toinon,,
Tom,,
Tomas,,
Tommaso,,
Tommy,,
Tonia,,
Tony,,
Toscan,,e
Toussain,,e
Toussaint,,
Tracy,,
Trévor,,
Trifine,,
Trinity,,
Tristan,,
Tristana,,
Tristane,,
Trixie,,
Trond,,
Tropez,,
Trophime,,
Trudie,,
Trudon,,
Trudy,,
Tryphon,,
Ttotte,,
Tual,,
Tudi,,
Tudine,,
Tudual,,
Tugdual,,
Tyago,,
Tyana,,
Tychiqu,,e
Tyffene,,
Tylan,,
Tyler,,
Tylia,,
Tyliana,,
Tyliann,,
Typhaine,,
Tyron,,
Tytti,,
Ubald,,
Ugo,,
Uhain,,a
Ulpiano,,
Ulric,,
Ulrica,,
Ulrich,,
Ulrik,,
Ultan,,
Ultane,,
Ulysse,,
Ulyssia,,
Umberto,,
Umbria,,
Umbrina,,
Unai,,
Urbain,,
Urban,,
Urbanie,,
Urbanilla,,
Urcisse,,
Uriel,,
Urielle,,
Urs,,
Ursa,,
Ursan,,
Ursanne,,
Ursicin,,
Ursilla,,
Ursin,,
Ursmer,,
Ursula,,
Ursule,,
Vaast,,
Vadim,,
Valbert,,
Valda,,
Valdena,,r
Valence,,
Valens,,
Valentia,,
Valentiane,,
Valentin,,
Valentine,,
Valentino,,
Valère,,
Valéri,,
Valéria,,
Valeria,,
Valérian,,
Valériane,,
Valérie,,
Valérien,,
Valerio,,
Valéry,,
Valière,,
Vallonia,,
Valtrude,,
Vaneng,,
Vanessa,,
Vania,,
Vanille,,
Vanina,,
Vanne,,
Vaodez,,
Vasco,,
Vassili,,
Vassiliss,,a
Vélina,,
Venance,,
Venant,,
Vencesla,,s
Venise,,
Venturin,,
Venturino,,
Vera,,
Véran,,
Vérane,,
Vérania,,
Véranina,,
Verdiane,,
Verena,,
Véridian,,e
Véridienne,,
Verlaine,,
Verohanta,,
Veronica,,
Véronique,,
Véziane,,
Viannette,,
Vianney,,
Viateur,,
Viatrix,,
Vicente,,
Vicky,,
Victa,,
Victoir,,e
Victor,,
Victoria,,
Victoriane,,
Victoric,,
Victorien,,
Victorilla,,
Victorin,,
Victorine,,
Victrice,,
Vidian,,
Viggo,,
Vigor,,
Villana,,
Vilma,,
Vince,,
Vincent,,
Vincente,,
Vincenza,,
Vinciane,,
Vincien,,
Vinciene,,
Vincienne,,
Vinny,,
Vinoc,,
Violain,,e
Violentil,,la
Violetta,,
Violette,,
Violine,,
Virgil,,
Virgila,,
Virgile,,
Virgilia,,
Virgiliane,,
Virgiliz,,
Virginia,,
Virginie,,
Virginien,,
Virginix,,
Viridiana,,
Virna,,
Visant,,
Vital,,
Vitalia,,na
Vitalien,,
Vitalina,,
Vittoria,,
Vittorio,,
Vivant,,
Vivette,,
Vivian,,
Viviane,,
Vivien,,
Vivienne,,
Vixie,,
Vladimi,,r
Volker,,
Volodia,,
Von,,
Vonig,,
Vorles,,
Vorlette,,
Vrain,,
Vulgis,,
Vulmer,,
Waast,,
Wafaa,,
Walburg,,e
Waldemar,,
Walder,,
Waldy,,
Walfrid,,
Walfroy,,
Wallerand,,
Walter,,
Walther,,
Wanda,,
Wandril,,le
Wandy,,
Warren,,
Waudru,,
Weltaz,,
Wencesla,,s
Wendel,,
Wendelin,,e
Wendy,,
Werburg,,e
Werner,,
Wilbert,,
Wilbrord,,
Wilfrid,,
Wilfried,,
Wilhelm,,
Wilhelmin,,e
Willard,,
Willehad,,
Willem,,
William,,
Willibald,,
Willibrord,,
Willy,,
Wilmart,,
Wilson,,
Winebald,,
Winifred,,
Winnie,,
Winnoc,,
Winoc,,
Winston,,
Wisigarde,,
Wivine,,
Wladimir,,
Wolfgang,,
Wolfram,,
Wulfran,,
Wulfstan,,
Wunibald,,
Wynnebald,,
Xant,,
Xantha,,
Xanthe,,
Xanthie,,
Xanthin,,
Xavier,,
Xaviera,,
Xavière,,
Xénia,,
Xénopho,,n
Xyste,,
Xytilis,,
Xytilise,,
Yaël,,
Yaëlle,,
Yamina,,
Yanis,,
Yann,,
Yannic,,k
Yannik,,
Yannis,,
Yasmine,,
Yassine,,
Yec'han,,
Yelena,,
Yerri,,
Yestin,,
Yeun,,
Yléna,,
Yoan,,
Yoann,,
Yoanna,,
Yoël,,
Yoëlle,,
Yoen,,
Yohan(,,n)
Yohanân,,
Yolaine,,
Yolande,,
Yoldie,,
Yolène,,
Yona(h),,
Yoni,,
Yonie,,
Yoran,,
Yorick,,
Youen,,
Youna,,
Younès,,
Younis,,
Youra,,
Youri,,
Youssef,,
Yrieix,,
Ysaline,,
Ysarn,,
Ysée,,
Ysens,,
Ysoie,,
Ysoline,,
Ythier,,
Yuna,,
Yvaine,,
Yvan,,
Yvanne,,
Yvelin,,
Yveline,,
Yvelise,,
Yves,,
Yvette,,
Yvi,,
Yvon,,
Yvonne,,
Yvonnic(,,k)
Yzéa,,
Zacari,,as
Zacharie,,
Zachée,,
Zack,,
Zaïda,,
Zaïdane,,
Zakaria,,
Zaoua,,
Zbignie,,w
Zdenka,,
Zdislav,,
Zdislava,,
Zébédée,,
Zeferino,,
Zefirino,,
Zeinab,,
Zelda,,
Zelia,,
Zélie,,
Zéline,,
Zénaïde,,
Zéno,,
Zénobe,,
Zénobie,,
Zénobin,,
Zénodora,,
Zénodore,,
Zénon,,
Zénone,,
Zénonina,,
Zéphir,,
Zéphirin,,e
Zéphyr,,
Zéphyrin,,
Zéra,,
Zérane,,
Zian,,
Zinedi,,ne
Ziska,,
Zita,,
Zite,,
Ziv,,
Ziva,,
Zlatan,,
Zoé,,
Zoéli,,e
Zola,,
Zoltan,,
Zora,,
Zoraïd,,a
Zosime,,
Zotique,,
Zozima,,
Zozime,,
Zozimène,,
Zulma,,
Zulmée,,
Zyad,
